Wk,Day,Date,Time,Home,Away,xG,xG.1,Score,season,game_id
1.0,Fri,2019-08-09,20:00,Liverpool,Norwich City,1.8,0.9,4–1,2019-2020,0
1.0,Sat,2019-08-10,12:30,West Ham,Manchester City,1.1,3.2,0–5,2019-2020,1
1.0,Sat,2019-08-10,15:00,Bournemouth,Sheffield Utd,1.3,1.3,1–1,2019-2020,2
1.0,Sat,2019-08-10,15:00,Watford,Brighton,0.7,0.8,0–3,2019-2020,3
1.0,Sat,2019-08-10,15:00,Crystal Palace,Everton,0.9,1.1,0–0,2019-2020,4
1.0,Sat,2019-08-10,15:00,Burnley,Southampton,0.9,1.2,3–0,2019-2020,5
1.0,Sat,2019-08-10,17:30,Tottenham,Aston Villa,2.4,0.7,3–1,2019-2020,6
1.0,Sun,2019-08-11,14:00,Leicester City,Wolves,0.7,0.7,0–0,2019-2020,7
1.0,Sun,2019-08-11,14:00,Newcastle Utd,Arsenal,0.4,1.1,0–1,2019-2020,8
1.0,Sun,2019-08-11,16:30,Manchester Utd,Chelsea,2.2,1.0,4–0,2019-2020,9
2.0,Sat,2019-08-17,12:30,Arsenal,Burnley,0.8,1.5,2–1,2019-2020,11
2.0,Sat,2019-08-17,15:00,Southampton,Liverpool,1.9,1.3,1–2,2019-2020,12
2.0,Sat,2019-08-17,15:00,Aston Villa,Bournemouth,2.0,1.6,1–2,2019-2020,13
2.0,Sat,2019-08-17,15:00,Brighton,West Ham,2.0,0.8,1–1,2019-2020,14
2.0,Sat,2019-08-17,15:00,Norwich City,Newcastle Utd,1.7,0.9,3–1,2019-2020,15
2.0,Sat,2019-08-17,15:00,Everton,Watford,0.7,1.2,1–0,2019-2020,16
2.0,Sat,2019-08-17,17:30,Manchester City,Tottenham,2.9,0.1,2–2,2019-2020,17
2.0,Sun,2019-08-18,14:00,Sheffield Utd,Crystal Palace,2.2,0.3,1–0,2019-2020,18
2.0,Sun,2019-08-18,16:30,Chelsea,Leicester City,1.1,0.8,1–1,2019-2020,19
2.0,Mon,2019-08-19,20:00,Wolves,Manchester Utd,0.3,1.2,1–1,2019-2020,20
3.0,Fri,2019-08-23,20:00,Aston Villa,Everton,1.0,1.3,2–0,2019-2020,22
3.0,Sat,2019-08-24,12:30,Norwich City,Chelsea,1.1,1.5,2–3,2019-2020,23
3.0,Sat,2019-08-24,15:00,Watford,West Ham,2.3,3.5,1–3,2019-2020,24
3.0,Sat,2019-08-24,15:00,Manchester Utd,Crystal Palace,2.5,1.1,1–2,2019-2020,25
3.0,Sat,2019-08-24,15:00,Sheffield Utd,Leicester City,0.3,0.8,1–2,2019-2020,26
3.0,Sat,2019-08-24,15:00,Brighton,Southampton,0.8,1.7,0–2,2019-2020,27
3.0,Sat,2019-08-24,17:30,Liverpool,Arsenal,2.5,1.0,3–1,2019-2020,28
3.0,Sun,2019-08-25,14:00,Bournemouth,Manchester City,2.2,3.0,1–3,2019-2020,29
3.0,Sun,2019-08-25,16:30,Wolves,Burnley,1.5,1.6,1–1,2019-2020,30
3.0,Sun,2019-08-25,16:30,Tottenham,Newcastle Utd,1.1,0.8,0–1,2019-2020,31
4.0,Sat,2019-08-31,12:30,Southampton,Manchester Utd,0.9,1.5,1–1,2019-2020,33
4.0,Sat,2019-08-31,15:00,Chelsea,Sheffield Utd,2.0,1.1,2–2,2019-2020,34
4.0,Sat,2019-08-31,15:00,Newcastle Utd,Watford,1.0,1.0,1–1,2019-2020,35
4.0,Sat,2019-08-31,15:00,Manchester City,Brighton,1.9,0.9,4–0,2019-2020,36
4.0,Sat,2019-08-31,15:00,Leicester City,Bournemouth,2.0,0.6,3–1,2019-2020,37
4.0,Sat,2019-08-31,15:00,Crystal Palace,Aston Villa,1.4,0.4,1–0,2019-2020,38
4.0,Sat,2019-08-31,15:00,West Ham,Norwich City,2.0,1.4,2–0,2019-2020,39
4.0,Sat,2019-08-31,17:30,Burnley,Liverpool,0.9,1.0,0–3,2019-2020,40
4.0,Sun,2019-09-01,14:00,Everton,Wolves,1.3,2.0,3–2,2019-2020,41
4.0,Sun,2019-09-01,16:30,Arsenal,Tottenham,2.4,2.0,2–2,2019-2020,42
5.0,Sat,2019-09-14,12:30,Liverpool,Newcastle Utd,3.0,0.3,3–1,2019-2020,44
5.0,Sat,2019-09-14,15:00,Brighton,Burnley,1.4,0.4,1–1,2019-2020,45
5.0,Sat,2019-09-14,15:00,Sheffield Utd,Southampton,1.8,1.6,0–1,2019-2020,46
5.0,Sat,2019-09-14,15:00,Tottenham,Crystal Palace,1.0,0.6,4–0,2019-2020,47
5.0,Sat,2019-09-14,15:00,Wolves,Chelsea,1.7,2.7,2–5,2019-2020,48
5.0,Sat,2019-09-14,15:00,Manchester Utd,Leicester City,1.2,0.6,1–0,2019-2020,49
5.0,Sat,2019-09-14,17:30,Norwich City,Manchester City,1.5,2.3,3–2,2019-2020,50
5.0,Sun,2019-09-15,14:00,Bournemouth,Everton,1.4,1.5,3–1,2019-2020,51
5.0,Sun,2019-09-15,16:30,Watford,Arsenal,2.7,0.8,2–2,2019-2020,52
5.0,Mon,2019-09-16,20:00,Aston Villa,West Ham,1.3,0.6,0–0,2019-2020,53
6.0,Fri,2019-09-20,20:00,Southampton,Bournemouth,2.5,1.2,1–3,2019-2020,55
6.0,Sat,2019-09-21,12:30,Leicester City,Tottenham,1.3,1.1,2–1,2019-2020,56
6.0,Sat,2019-09-21,15:00,Burnley,Norwich City,2.0,0.8,2–0,2019-2020,57
6.0,Sat,2019-09-21,15:00,Everton,Sheffield Utd,1.0,0.5,0–2,2019-2020,58
6.0,Sat,2019-09-21,15:00,Manchester City,Watford,5.9,0.4,8–0,2019-2020,59
6.0,Sat,2019-09-21,17:30,Newcastle Utd,Brighton,0.9,1.4,0–0,2019-2020,60
6.0,Sun,2019-09-22,14:00,Crystal Palace,Wolves,0.9,1.5,1–1,2019-2020,61
6.0,Sun,2019-09-22,14:00,West Ham,Manchester Utd,0.4,0.9,2–0,2019-2020,62
6.0,Sun,2019-09-22,16:30,Arsenal,Aston Villa,2.4,1.5,3–2,2019-2020,63
6.0,Sun,2019-09-22,16:30,Chelsea,Liverpool,1.3,0.6,1–2,2019-2020,64
7.0,Sat,2019-09-28,12:30,Sheffield Utd,Liverpool,1.3,1.9,0–1,2019-2020,66
7.0,Sat,2019-09-28,15:00,Chelsea,Brighton,3.7,0.6,2–0,2019-2020,67
7.0,Sat,2019-09-28,15:00,Aston Villa,Burnley,1.0,1.5,2–2,2019-2020,68
7.0,Sat,2019-09-28,15:00,Crystal Palace,Norwich City,1.5,0.7,2–0,2019-2020,69
7.0,Sat,2019-09-28,15:00,Tottenham,Southampton,1.0,1.5,2–1,2019-2020,70
7.0,Sat,2019-09-28,15:00,Bournemouth,West Ham,1.9,1.6,2–2,2019-2020,71
7.0,Sat,2019-09-28,15:00,Wolves,Watford,1.4,1.4,2–0,2019-2020,72
7.0,Sat,2019-09-28,17:30,Everton,Manchester City,2.4,2.8,1–3,2019-2020,73
7.0,Sun,2019-09-29,16:30,Leicester City,Newcastle Utd,1.6,0.1,5–0,2019-2020,74
7.0,Mon,2019-09-30,20:00,Manchester Utd,Arsenal,0.9,1.9,1–1,2019-2020,75
8.0,Sat,2019-10-05,12:30,Brighton,Tottenham,2.4,0.4,3–0,2019-2020,77
8.0,Sat,2019-10-05,15:00,Watford,Sheffield Utd,1.4,0.4,0–0,2019-2020,78
8.0,Sat,2019-10-05,15:00,Burnley,Everton,0.6,1.3,1–0,2019-2020,79
8.0,Sat,2019-10-05,15:00,Norwich City,Aston Villa,2.6,3.0,1–5,2019-2020,80
8.0,Sat,2019-10-05,15:00,Liverpool,Leicester City,3.5,0.1,2–1,2019-2020,81
8.0,Sat,2019-10-05,17:30,West Ham,Crystal Palace,1.4,2.1,1–2,2019-2020,82
8.0,Sun,2019-10-06,14:00,Arsenal,Bournemouth,1.2,0.6,1–0,2019-2020,83
8.0,Sun,2019-10-06,14:00,Southampton,Chelsea,1.4,1.7,1–4,2019-2020,84
8.0,Sun,2019-10-06,14:00,Manchester City,Wolves,1.4,1.0,0–2,2019-2020,85
8.0,Sun,2019-10-06,16:30,Newcastle Utd,Manchester Utd,0.8,0.9,1–0,2019-2020,86
9.0,Sat,2019-10-19,12:30,Everton,West Ham,2.1,0.8,2–0,2019-2020,88
9.0,Sat,2019-10-19,15:00,Tottenham,Watford,1.0,0.7,1–1,2019-2020,89
9.0,Sat,2019-10-19,15:00,Bournemouth,Norwich City,0.7,0.4,0–0,2019-2020,90
9.0,Sat,2019-10-19,15:00,Aston Villa,Brighton,3.0,1.2,2–1,2019-2020,91
9.0,Sat,2019-10-19,15:00,Leicester City,Burnley,1.0,1.5,2–1,2019-2020,92
9.0,Sat,2019-10-19,15:00,Wolves,Southampton,0.9,1.4,1–1,2019-2020,93
9.0,Sat,2019-10-19,15:00,Chelsea,Newcastle Utd,2.0,0.4,1–0,2019-2020,94
9.0,Sat,2019-10-19,17:30,Crystal Palace,Manchester City,0.9,3.5,0–2,2019-2020,95
9.0,Sun,2019-10-20,16:30,Manchester Utd,Liverpool,0.7,1.2,1–1,2019-2020,96
9.0,Mon,2019-10-21,20:00,Sheffield Utd,Arsenal,0.9,1.0,1–0,2019-2020,97
10.0,Fri,2019-10-25,20:00,Southampton,Leicester City,0.3,4.6,0–9,2019-2020,99
10.0,Sat,2019-10-26,12:30,Manchester City,Aston Villa,2.9,1.0,3–0,2019-2020,100
10.0,Sat,2019-10-26,15:00,Watford,Bournemouth,0.8,1.0,0–0,2019-2020,101
10.0,Sat,2019-10-26,15:00,Brighton,Everton,1.2,0.9,3–2,2019-2020,102
10.0,Sat,2019-10-26,15:00,West Ham,Sheffield Utd,2.3,1.0,1–1,2019-2020,103
10.0,Sat,2019-10-26,17:30,Burnley,Chelsea,2.1,0.9,2–4,2019-2020,104
10.0,Sun,2019-10-27,14:00,Newcastle Utd,Wolves,1.0,2.1,1–1,2019-2020,105
10.0,Sun,2019-10-27,16:30,Arsenal,Crystal Palace,1.3,1.6,2–2,2019-2020,106
10.0,Sun,2019-10-27,16:30,Norwich City,Manchester Utd,1.0,4.2,1–3,2019-2020,107
10.0,Sun,2019-10-27,16:30,Liverpool,Tottenham,2.6,1.2,2–1,2019-2020,108
11.0,Sat,2019-11-02,12:30,Bournemouth,Manchester Utd,1.9,0.8,1–0,2019-2020,110
11.0,Sat,2019-11-02,15:00,Aston Villa,Liverpool,0.4,2.4,1–2,2019-2020,111
11.0,Sat,2019-11-02,15:00,West Ham,Newcastle Utd,1.8,1.5,2–3,2019-2020,112
11.0,Sat,2019-11-02,15:00,Manchester City,Southampton,2.9,0.9,2–1,2019-2020,113
11.0,Sat,2019-11-02,15:00,Brighton,Norwich City,2.7,0.4,2–0,2019-2020,114
11.0,Sat,2019-11-02,15:00,Sheffield Utd,Burnley,2.3,0.8,3–0,2019-2020,115
11.0,Sat,2019-11-02,15:00,Arsenal,Wolves,0.9,1.8,1–1,2019-2020,116
11.0,Sat,2019-11-02,17:30,Watford,Chelsea,1.3,2.1,1–2,2019-2020,117
11.0,Sun,2019-11-03,14:00,Crystal Palace,Leicester City,0.5,1.1,0–2,2019-2020,118
11.0,Sun,2019-11-03,16:30,Everton,Tottenham,1.1,0.6,1–1,2019-2020,119
12.0,Fri,2019-11-08,20:00,Norwich City,Watford,0.7,1.3,0–2,2019-2020,121
12.0,Sat,2019-11-09,12:30,Chelsea,Crystal Palace,3.6,0.2,2–0,2019-2020,122
12.0,Sat,2019-11-09,15:00,Tottenham,Sheffield Utd,1.8,0.9,1–1,2019-2020,123
12.0,Sat,2019-11-09,15:00,Newcastle Utd,Bournemouth,2.4,1.8,2–1,2019-2020,124
12.0,Sat,2019-11-09,15:00,Burnley,West Ham,2.1,0.5,3–0,2019-2020,125
12.0,Sat,2019-11-09,15:00,Southampton,Everton,0.9,1.8,1–2,2019-2020,126
12.0,Sat,2019-11-09,17:30,Leicester City,Arsenal,1.2,1.0,2–0,2019-2020,127
12.0,Sun,2019-11-10,14:00,Manchester Utd,Brighton,3.6,0.8,3–1,2019-2020,128
12.0,Sun,2019-11-10,14:00,Wolves,Aston Villa,2.4,0.6,2–1,2019-2020,129
12.0,Sun,2019-11-10,16:30,Liverpool,Manchester City,1.1,1.3,3–1,2019-2020,130
13.0,Sat,2019-11-23,12:30,West Ham,Tottenham,0.7,2.1,2–3,2019-2020,132
13.0,Sat,2019-11-23,15:00,Watford,Burnley,1.0,1.9,0–3,2019-2020,133
13.0,Sat,2019-11-23,15:00,Arsenal,Southampton,1.8,2.4,2–2,2019-2020,134
13.0,Sat,2019-11-23,15:00,Bournemouth,Wolves,0.6,1.1,1–2,2019-2020,135
13.0,Sat,2019-11-23,15:00,Crystal Palace,Liverpool,1.0,1.4,1–2,2019-2020,136
13.0,Sat,2019-11-23,15:00,Everton,Norwich City,0.9,1.7,0–2,2019-2020,137
13.0,Sat,2019-11-23,15:00,Brighton,Leicester City,0.6,3.6,0–2,2019-2020,138
13.0,Sat,2019-11-23,17:30,Manchester City,Chelsea,1.0,0.9,2–1,2019-2020,139
13.0,Sun,2019-11-24,16:30,Sheffield Utd,Manchester Utd,1.3,1.3,3–3,2019-2020,140
13.0,Mon,2019-11-25,20:00,Aston Villa,Newcastle Utd,2.3,0.6,2–0,2019-2020,141
14.0,Sat,2019-11-30,12:30,Newcastle Utd,Manchester City,0.3,2.4,2–2,2019-2020,143
14.0,Sat,2019-11-30,15:00,Tottenham,Bournemouth,2.3,1.1,3–2,2019-2020,144
14.0,Sat,2019-11-30,15:00,Chelsea,West Ham,2.3,0.9,0–1,2019-2020,145
14.0,Sat,2019-11-30,15:00,Burnley,Crystal Palace,1.9,0.7,0–2,2019-2020,146
14.0,Sat,2019-11-30,15:00,Liverpool,Brighton,1.3,0.8,2–1,2019-2020,147
14.0,Sat,2019-11-30,17:30,Southampton,Watford,2.1,0.6,2–1,2019-2020,148
14.0,Sun,2019-12-01,14:00,Wolves,Sheffield Utd,1.3,1.5,1–1,2019-2020,149
14.0,Sun,2019-12-01,14:00,Norwich City,Arsenal,0.8,1.9,2–2,2019-2020,150
14.0,Sun,2019-12-01,16:30,Manchester Utd,Aston Villa,1.7,1.2,2–2,2019-2020,151
14.0,Sun,2019-12-01,16:30,Leicester City,Everton,2.2,1.1,2–1,2019-2020,152
15.0,Tue,2019-12-03,19:30,Crystal Palace,Bournemouth,0.3,0.4,1–0,2019-2020,154
15.0,Tue,2019-12-03,20:15,Burnley,Manchester City,0.6,2.2,1–4,2019-2020,155
15.0,Wed,2019-12-04,19:30,Chelsea,Aston Villa,1.8,1.0,2–1,2019-2020,156
15.0,Wed,2019-12-04,19:30,Leicester City,Watford,2.4,0.2,2–0,2019-2020,157
15.0,Wed,2019-12-04,19:30,Manchester Utd,Tottenham,1.4,0.9,2–1,2019-2020,158
15.0,Wed,2019-12-04,19:30,Wolves,West Ham,1.5,0.6,2–0,2019-2020,159
15.0,Wed,2019-12-04,19:30,Southampton,Norwich City,1.7,0.9,2–1,2019-2020,160
15.0,Wed,2019-12-04,20:15,Liverpool,Everton,2.0,1.5,5–2,2019-2020,161
15.0,Thu,2019-12-05,19:30,Sheffield Utd,Newcastle Utd,1.1,0.5,0–2,2019-2020,162
15.0,Thu,2019-12-05,20:15,Arsenal,Brighton,0.9,1.7,1–2,2019-2020,163
16.0,Sat,2019-12-07,12:30,Everton,Chelsea,1.8,1.1,3–1,2019-2020,165
16.0,Sat,2019-12-07,15:00,Bournemouth,Liverpool,0.1,2.4,0–3,2019-2020,166
16.0,Sat,2019-12-07,15:00,Watford,Crystal Palace,1.4,0.2,0–0,2019-2020,167
16.0,Sat,2019-12-07,15:00,Tottenham,Burnley,2.6,0.9,5–0,2019-2020,168
16.0,Sat,2019-12-07,17:30,Manchester City,Manchester Utd,2.2,1.4,1–2,2019-2020,169
16.0,Sun,2019-12-08,14:00,Norwich City,Sheffield Utd,0.7,0.8,1–2,2019-2020,170
16.0,Sun,2019-12-08,14:00,Newcastle Utd,Southampton,0.9,1.7,2–1,2019-2020,171
16.0,Sun,2019-12-08,14:00,Aston Villa,Leicester City,1.2,4.6,1–4,2019-2020,172
16.0,Sun,2019-12-08,16:30,Brighton,Wolves,1.2,1.5,2–2,2019-2020,173
16.0,Mon,2019-12-09,20:00,West Ham,Arsenal,0.6,1.4,1–3,2019-2020,174
17.0,Sat,2019-12-14,12:30,Liverpool,Watford,1.4,1.0,2–0,2019-2020,176
17.0,Sat,2019-12-14,15:00,Sheffield Utd,Aston Villa,1.7,1.1,2–0,2019-2020,177
17.0,Sat,2019-12-14,15:00,Burnley,Newcastle Utd,1.4,1.0,1–0,2019-2020,178
17.0,Sat,2019-12-14,15:00,Leicester City,Norwich City,1.1,1.1,1–1,2019-2020,179
17.0,Sat,2019-12-14,15:00,Chelsea,Bournemouth,2.1,1.0,0–1,2019-2020,180
17.0,Sat,2019-12-14,17:30,Southampton,West Ham,0.9,0.9,0–1,2019-2020,181
17.0,Sun,2019-12-15,14:00,Manchester Utd,Everton,1.4,0.3,1–1,2019-2020,182
17.0,Sun,2019-12-15,14:00,Wolves,Tottenham,0.9,0.9,1–2,2019-2020,183
17.0,Sun,2019-12-15,16:30,Arsenal,Manchester City,0.5,1.3,0–3,2019-2020,184
17.0,Mon,2019-12-16,19:45,Crystal Palace,Brighton,0.7,2.3,1–1,2019-2020,185
18.0,Sat,2019-12-21,12:30,Everton,Arsenal,0.5,0.6,0–0,2019-2020,187
18.0,Sat,2019-12-21,15:00,Bournemouth,Burnley,0.1,0.2,0–1,2019-2020,188
18.0,Sat,2019-12-21,15:00,Newcastle Utd,Crystal Palace,0.5,1.3,1–0,2019-2020,189
18.0,Sat,2019-12-21,15:00,Norwich City,Wolves,1.3,1.4,1–2,2019-2020,190
18.0,Sat,2019-12-21,15:00,Brighton,Sheffield Utd,0.5,1.3,0–1,2019-2020,191
18.0,Sat,2019-12-21,15:00,Aston Villa,Southampton,1.1,2.8,1–3,2019-2020,192
18.0,Sat,2019-12-21,17:30,Manchester City,Leicester City,3.3,1.1,3–1,2019-2020,193
18.0,Sun,2019-12-22,14:00,Watford,Manchester Utd,1.5,1.8,2–0,2019-2020,194
18.0,Sun,2019-12-22,16:30,Tottenham,Chelsea,0.3,1.3,0–2,2019-2020,195
19.0,Thu,2019-12-26,12:30,Tottenham,Brighton,0.8,1.0,2–1,2019-2020,197
19.0,Thu,2019-12-26,15:00,Aston Villa,Norwich City,0.6,1.2,1–0,2019-2020,198
19.0,Thu,2019-12-26,15:00,Sheffield Utd,Watford,2.4,0.6,1–1,2019-2020,199
19.0,Thu,2019-12-26,15:00,Crystal Palace,West Ham,2.7,0.9,2–1,2019-2020,200
19.0,Thu,2019-12-26,15:00,Everton,Burnley,1.4,0.3,1–0,2019-2020,201
19.0,Thu,2019-12-26,15:00,Chelsea,Southampton,0.7,1.1,0–2,2019-2020,202
19.0,Thu,2019-12-26,15:00,Bournemouth,Arsenal,2.0,1.4,1–1,2019-2020,203
19.0,Thu,2019-12-26,17:30,Manchester Utd,Newcastle Utd,1.9,0.8,4–1,2019-2020,204
19.0,Thu,2019-12-26,20:00,Leicester City,Liverpool,0.1,3.2,0–4,2019-2020,205
19.0,Fri,2019-12-27,19:45,Wolves,Manchester City,2.6,1.5,3–2,2019-2020,206
20.0,Sat,2019-12-28,12:30,Brighton,Bournemouth,0.8,0.5,2–0,2019-2020,208
20.0,Sat,2019-12-28,15:00,Southampton,Crystal Palace,1.4,0.3,1–1,2019-2020,209
20.0,Sat,2019-12-28,15:00,Newcastle Utd,Everton,1.8,2.9,1–2,2019-2020,210
20.0,Sat,2019-12-28,15:00,Watford,Aston Villa,2.8,0.6,3–0,2019-2020,211
20.0,Sat,2019-12-28,17:30,West Ham,Leicester City,1.0,2.5,1–2,2019-2020,212
20.0,Sat,2019-12-28,17:30,Norwich City,Tottenham,0.2,1.9,2–2,2019-2020,213
20.0,Sat,2019-12-28,19:45,Burnley,Manchester Utd,0.5,2.2,0–2,2019-2020,214
20.0,Sun,2019-12-29,14:00,Arsenal,Chelsea,0.5,1.4,1–2,2019-2020,215
20.0,Sun,2019-12-29,16:30,Liverpool,Wolves,1.2,0.5,1–0,2019-2020,216
20.0,Sun,2019-12-29,18:00,Manchester City,Sheffield Utd,1.1,1.1,2–0,2019-2020,217
21.0,Wed,2020-01-01,12:30,Burnley,Aston Villa,2.2,1.3,1–2,2019-2020,219
21.0,Wed,2020-01-01,12:30,Brighton,Chelsea,1.3,1.3,1–1,2019-2020,220
21.0,Wed,2020-01-01,15:00,Southampton,Tottenham,1.3,0.9,1–0,2019-2020,221
21.0,Wed,2020-01-01,15:00,Newcastle Utd,Leicester City,0.7,2.6,0–3,2019-2020,222
21.0,Wed,2020-01-01,15:00,Watford,Wolves,1.1,1.2,2–1,2019-2020,223
21.0,Wed,2020-01-01,17:30,Manchester City,Everton,1.5,1.0,2–1,2019-2020,224
21.0,Wed,2020-01-01,17:30,Norwich City,Crystal Palace,1.4,1.3,1–1,2019-2020,225
21.0,Wed,2020-01-01,17:30,West Ham,Bournemouth,2.4,0.6,4–0,2019-2020,226
21.0,Wed,2020-01-01,20:00,Arsenal,Manchester Utd,1.5,0.7,2–0,2019-2020,227
21.0,Thu,2020-01-02,20:00,Liverpool,Sheffield Utd,2.8,0.6,2–0,2019-2020,228
22.0,Fri,2020-01-10,20:00,Sheffield Utd,West Ham,1.4,0.7,1–0,2019-2020,230
22.0,Sat,2020-01-11,12:30,Crystal Palace,Arsenal,0.6,1.4,1–1,2019-2020,231
22.0,Sat,2020-01-11,15:00,Manchester Utd,Norwich City,2.9,0.3,4–0,2019-2020,232
22.0,Sat,2020-01-11,15:00,Everton,Brighton,1.7,1.3,1–0,2019-2020,233
22.0,Sat,2020-01-11,15:00,Leicester City,Southampton,0.7,2.1,1–2,2019-2020,234
22.0,Sat,2020-01-11,15:00,Chelsea,Burnley,2.7,0.8,3–0,2019-2020,235
22.0,Sat,2020-01-11,15:00,Wolves,Newcastle Utd,1.6,0.2,1–1,2019-2020,236
22.0,Sat,2020-01-11,17:30,Tottenham,Liverpool,1.2,1.2,0–1,2019-2020,237
22.0,Sun,2020-01-12,14:00,Bournemouth,Watford,0.4,2.0,0–3,2019-2020,238
22.0,Sun,2020-01-12,16:30,Aston Villa,Manchester City,1.1,2.8,1–6,2019-2020,239
23.0,Sat,2020-01-18,12:30,Watford,Tottenham,2.5,1.9,0–0,2019-2020,241
23.0,Sat,2020-01-18,15:00,Manchester City,Crystal Palace,2.6,0.4,2–2,2019-2020,242
23.0,Sat,2020-01-18,15:00,Arsenal,Sheffield Utd,1.4,0.8,1–1,2019-2020,243
23.0,Sat,2020-01-18,15:00,West Ham,Everton,1.3,1.7,1–1,2019-2020,244
23.0,Sat,2020-01-18,15:00,Southampton,Wolves,0.7,2.4,2–3,2019-2020,245
23.0,Sat,2020-01-18,15:00,Brighton,Aston Villa,1.1,0.6,1–1,2019-2020,246
23.0,Sat,2020-01-18,15:00,Norwich City,Bournemouth,1.8,0.7,1–0,2019-2020,247
23.0,Sat,2020-01-18,17:30,Newcastle Utd,Chelsea,0.6,2.4,1–0,2019-2020,248
23.0,Sun,2020-01-19,14:00,Burnley,Leicester City,1.4,2.5,2–1,2019-2020,249
23.0,Sun,2020-01-19,16:30,Liverpool,Manchester Utd,1.9,1.3,2–0,2019-2020,250
24.0,Tue,2020-01-21,19:30,Crystal Palace,Southampton,0.6,1.1,0–2,2019-2020,252
24.0,Tue,2020-01-21,19:30,Aston Villa,Watford,1.3,1.8,2–1,2019-2020,253
24.0,Tue,2020-01-21,19:30,Everton,Newcastle Utd,1.8,1.3,2–2,2019-2020,254
24.0,Tue,2020-01-21,19:30,Bournemouth,Brighton,1.4,1.8,3–1,2019-2020,255
24.0,Tue,2020-01-21,19:30,Sheffield Utd,Manchester City,0.8,2.8,0–1,2019-2020,256
24.0,Tue,2020-01-21,20:15,Chelsea,Arsenal,2.9,0.4,2–2,2019-2020,257
24.0,Wed,2020-01-22,19:30,Tottenham,Norwich City,2.1,1.5,2–1,2019-2020,258
24.0,Wed,2020-01-22,19:30,Leicester City,West Ham,2.8,1.6,4–1,2019-2020,259
24.0,Wed,2020-01-22,20:15,Manchester Utd,Burnley,1.4,0.6,0–2,2019-2020,260
24.0,Thu,2020-01-23,20:00,Wolves,Liverpool,1.8,1.1,1–2,2019-2020,261
18.0,Wed,2020-01-29,19:45,West Ham,Liverpool,0.7,2.8,0–2,2019-2020,263
25.0,Sat,2020-02-01,12:30,Leicester City,Chelsea,1.4,0.6,2–2,2019-2020,265
25.0,Sat,2020-02-01,15:00,Bournemouth,Aston Villa,2.2,1.7,2–1,2019-2020,266
25.0,Sat,2020-02-01,15:00,Watford,Everton,0.9,2.2,2–3,2019-2020,267
25.0,Sat,2020-02-01,15:00,West Ham,Brighton,0.8,1.9,3–3,2019-2020,268
25.0,Sat,2020-02-01,15:00,Liverpool,Southampton,3.2,0.8,4–0,2019-2020,269
25.0,Sat,2020-02-01,15:00,Crystal Palace,Sheffield Utd,0.8,0.7,0–1,2019-2020,270
25.0,Sat,2020-02-01,15:00,Newcastle Utd,Norwich City,1.0,2.2,0–0,2019-2020,271
25.0,Sat,2020-02-01,17:30,Manchester Utd,Wolves,1.0,1.3,0–0,2019-2020,272
25.0,Sun,2020-02-02,14:00,Burnley,Arsenal,1.9,1.2,0–0,2019-2020,273
25.0,Sun,2020-02-02,16:30,Tottenham,Manchester City,0.3,2.4,2–0,2019-2020,274
26.0,Sat,2020-02-08,12:30,Everton,Crystal Palace,2.5,1.1,3–1,2019-2020,276
26.0,Sat,2020-02-08,17:30,Brighton,Watford,0.8,0.2,1–1,2019-2020,277
26.0,Sun,2020-02-09,14:00,Sheffield Utd,Bournemouth,1.9,1.4,2–1,2019-2020,278
26.0,Fri,2020-02-14,20:00,Wolves,Leicester City,1.0,0.7,0–0,2019-2020,279
26.0,Sat,2020-02-15,12:30,Southampton,Burnley,0.8,0.8,1–2,2019-2020,280
26.0,Sat,2020-02-15,17:30,Norwich City,Liverpool,0.3,2.0,0–1,2019-2020,281
26.0,Sun,2020-02-16,14:00,Aston Villa,Tottenham,1.8,3.4,2–3,2019-2020,282
26.0,Sun,2020-02-16,16:30,Arsenal,Newcastle Utd,2.6,0.9,4–0,2019-2020,283
26.0,Mon,2020-02-17,20:00,Chelsea,Manchester Utd,0.9,0.6,0–2,2019-2020,284
26.0,Wed,2020-02-19,19:30,Manchester City,West Ham,2.1,0.1,2–0,2019-2020,285
27.0,Sat,2020-02-22,12:30,Chelsea,Tottenham,1.7,0.2,2–1,2019-2020,287
27.0,Sat,2020-02-22,15:00,Burnley,Bournemouth,3.2,1.8,3–0,2019-2020,288
27.0,Sat,2020-02-22,15:00,Crystal Palace,Newcastle Utd,1.6,0.2,1–0,2019-2020,289
27.0,Sat,2020-02-22,15:00,Sheffield Utd,Brighton,1.6,1.2,1–1,2019-2020,290
27.0,Sat,2020-02-22,15:00,Southampton,Aston Villa,2.6,0.5,2–0,2019-2020,291
27.0,Sat,2020-02-22,17:30,Leicester City,Manchester City,0.8,2.4,0–1,2019-2020,292
27.0,Sun,2020-02-23,14:00,Wolves,Norwich City,2.9,0.4,3–0,2019-2020,293
27.0,Sun,2020-02-23,14:00,Manchester Utd,Watford,2.4,0.3,3–0,2019-2020,294
27.0,Sun,2020-02-23,16:30,Arsenal,Everton,1.3,2.7,3–2,2019-2020,295
27.0,Mon,2020-02-24,20:00,Liverpool,West Ham,2.4,0.7,3–2,2019-2020,296
28.0,Fri,2020-02-28,20:00,Norwich City,Leicester City,0.6,1.3,1–0,2019-2020,298
28.0,Sat,2020-02-29,12:30,Brighton,Crystal Palace,2.2,2.5,0–1,2019-2020,299
28.0,Sat,2020-02-29,15:00,Bournemouth,Chelsea,1.4,1.9,2–2,2019-2020,300
28.0,Sat,2020-02-29,15:00,Newcastle Utd,Burnley,1.1,0.7,0–0,2019-2020,301
28.0,Sat,2020-02-29,15:00,West Ham,Southampton,2.3,0.7,3–1,2019-2020,302
28.0,Sat,2020-02-29,17:30,Watford,Liverpool,2.3,0.3,3–0,2019-2020,303
28.0,Sun,2020-03-01,14:00,Everton,Manchester Utd,2.1,1.1,1–1,2019-2020,304
28.0,Sun,2020-03-01,14:00,Tottenham,Wolves,1.7,2.6,2–3,2019-2020,305
29.0,Sat,2020-03-07,12:30,Liverpool,Bournemouth,1.8,1.4,2–1,2019-2020,307
29.0,Sat,2020-03-07,15:00,Wolves,Brighton,0.8,0.3,0–0,2019-2020,308
29.0,Sat,2020-03-07,15:00,Sheffield Utd,Norwich City,0.9,2.4,1–0,2019-2020,309
29.0,Sat,2020-03-07,15:00,Arsenal,West Ham,1.2,1.5,1–0,2019-2020,310
29.0,Sat,2020-03-07,15:00,Crystal Palace,Watford,0.8,0.6,1–0,2019-2020,311
29.0,Sat,2020-03-07,15:00,Southampton,Newcastle Utd,0.6,2.8,0–1,2019-2020,312
29.0,Sat,2020-03-07,17:30,Burnley,Tottenham,3.0,1.2,1–1,2019-2020,313
29.0,Sun,2020-03-08,14:00,Chelsea,Everton,1.8,0.5,4–0,2019-2020,314
29.0,Sun,2020-03-08,16:30,Manchester Utd,Manchester City,1.6,0.6,2–0,2019-2020,315
29.0,Mon,2020-03-09,20:00,Leicester City,Aston Villa,2.1,0.5,4–0,2019-2020,316
28.0,Wed,2020-06-17,18:00,Aston Villa,Sheffield Utd,1.4,0.3,0–0,2019-2020,318
28.0,Wed,2020-06-17,20:15,Manchester City,Arsenal,2.6,0.3,3–0,2019-2020,319
30.0,Fri,2020-06-19,18:00,Norwich City,Southampton,0.6,1.7,0–3,2019-2020,321
30.0,Fri,2020-06-19,20:15,Tottenham,Manchester Utd,0.4,1.7,1–1,2019-2020,322
30.0,Sat,2020-06-20,12:30,Watford,Leicester City,1.3,1.0,1–1,2019-2020,323
30.0,Sat,2020-06-20,15:00,Brighton,Arsenal,1.0,0.8,2–1,2019-2020,324
30.0,Sat,2020-06-20,17:30,West Ham,Wolves,0.5,1.0,0–2,2019-2020,325
30.0,Sat,2020-06-20,19:45,Bournemouth,Crystal Palace,0.5,0.8,0–2,2019-2020,326
30.0,Sun,2020-06-21,14:00,Newcastle Utd,Sheffield Utd,2.0,0.6,3–0,2019-2020,327
30.0,Sun,2020-06-21,16:15,Aston Villa,Chelsea,1.0,1.1,1–2,2019-2020,328
30.0,Sun,2020-06-21,19:00,Everton,Liverpool,0.9,0.7,0–0,2019-2020,329
30.0,Mon,2020-06-22,20:00,Manchester City,Burnley,2.4,0.0,5–0,2019-2020,330
31.0,Tue,2020-06-23,18:00,Leicester City,Brighton,0.6,1.1,0–0,2019-2020,332
31.0,Tue,2020-06-23,20:15,Tottenham,West Ham,2.3,1.2,2–0,2019-2020,333
31.0,Wed,2020-06-24,18:00,Newcastle Utd,Aston Villa,0.9,1.6,1–1,2019-2020,334
31.0,Wed,2020-06-24,18:00,Manchester Utd,Sheffield Utd,2.4,0.1,3–0,2019-2020,335
31.0,Wed,2020-06-24,18:00,Wolves,Bournemouth,1.7,0.1,1–0,2019-2020,336
31.0,Wed,2020-06-24,18:00,Norwich City,Everton,0.4,0.8,0–1,2019-2020,337
31.0,Wed,2020-06-24,20:15,Liverpool,Crystal Palace,2.4,0.1,4–0,2019-2020,338
31.0,Thu,2020-06-25,18:00,Burnley,Watford,0.9,0.7,1–0,2019-2020,339
31.0,Thu,2020-06-25,18:00,Southampton,Arsenal,0.9,1.9,0–2,2019-2020,340
31.0,Thu,2020-06-25,20:15,Chelsea,Manchester City,3.2,0.8,2–1,2019-2020,341
32.0,Sat,2020-06-27,12:30,Aston Villa,Wolves,0.6,0.7,0–1,2019-2020,343
32.0,Sun,2020-06-28,16:30,Watford,Southampton,0.5,1.3,1–3,2019-2020,344
32.0,Mon,2020-06-29,20:00,Crystal Palace,Burnley,0.9,0.4,0–1,2019-2020,345
32.0,Tue,2020-06-30,20:15,Brighton,Manchester Utd,0.4,1.0,0–3,2019-2020,346
32.0,Wed,2020-07-01,18:00,Everton,Leicester City,1.2,1.8,2–1,2019-2020,347
32.0,Wed,2020-07-01,18:00,Bournemouth,Newcastle Utd,1.6,1.8,1–4,2019-2020,348
32.0,Wed,2020-07-01,18:00,Arsenal,Norwich City,1.5,0.3,4–0,2019-2020,349
32.0,Wed,2020-07-01,20:15,West Ham,Chelsea,2.2,1.6,3–2,2019-2020,350
32.0,Thu,2020-07-02,18:00,Sheffield Utd,Tottenham,1.6,1.1,3–1,2019-2020,351
32.0,Thu,2020-07-02,20:15,Manchester City,Liverpool,2.4,1.1,4–0,2019-2020,352
33.0,Sat,2020-07-04,12:30,Norwich City,Brighton,0.6,1.0,0–1,2019-2020,354
33.0,Sat,2020-07-04,15:00,Leicester City,Crystal Palace,2.8,0.8,3–0,2019-2020,355
33.0,Sat,2020-07-04,15:00,Manchester Utd,Bournemouth,2.5,1.8,5–2,2019-2020,356
33.0,Sat,2020-07-04,17:30,Wolves,Arsenal,1.2,1.3,0–2,2019-2020,357
33.0,Sat,2020-07-04,20:00,Chelsea,Watford,2.5,0.6,3–0,2019-2020,358
33.0,Sun,2020-07-05,12:00,Burnley,Sheffield Utd,1.3,1.1,1–1,2019-2020,359
33.0,Sun,2020-07-05,14:15,Newcastle Utd,West Ham,1.4,2.1,2–2,2019-2020,360
33.0,Sun,2020-07-05,16:30,Liverpool,Aston Villa,0.7,0.7,2–0,2019-2020,361
33.0,Sun,2020-07-05,19:00,Southampton,Manchester City,0.6,3.2,1–0,2019-2020,362
33.0,Mon,2020-07-06,20:00,Tottenham,Everton,0.5,0.5,1–0,2019-2020,363
34.0,Tue,2020-07-07,18:00,Watford,Norwich City,1.2,1.2,2–1,2019-2020,365
34.0,Tue,2020-07-07,18:00,Crystal Palace,Chelsea,1.5,1.9,2–3,2019-2020,366
34.0,Tue,2020-07-07,20:15,Arsenal,Leicester City,1.1,0.9,1–1,2019-2020,367
34.0,Wed,2020-07-08,18:00,Manchester City,Newcastle Utd,2.8,0.3,5–0,2019-2020,368
34.0,Wed,2020-07-08,18:00,Sheffield Utd,Wolves,0.5,0.4,1–0,2019-2020,369
34.0,Wed,2020-07-08,18:00,West Ham,Burnley,1.6,0.9,0–1,2019-2020,370
34.0,Wed,2020-07-08,20:15,Brighton,Liverpool,2.4,2.5,1–3,2019-2020,371
34.0,Thu,2020-07-09,18:00,Bournemouth,Tottenham,1.4,0.5,0–0,2019-2020,372
34.0,Thu,2020-07-09,18:00,Everton,Southampton,1.0,2.4,1–1,2019-2020,373
34.0,Thu,2020-07-09,20:15,Aston Villa,Manchester Utd,0.5,2.3,0–3,2019-2020,374
35.0,Sat,2020-07-11,12:30,Watford,Newcastle Utd,3.4,1.3,2–1,2019-2020,376
35.0,Sat,2020-07-11,12:30,Norwich City,West Ham,0.6,3.5,0–4,2019-2020,377
35.0,Sat,2020-07-11,15:00,Liverpool,Burnley,1.7,0.4,1–1,2019-2020,378
35.0,Sat,2020-07-11,17:30,Sheffield Utd,Chelsea,2.3,1.2,3–0,2019-2020,379
35.0,Sat,2020-07-11,20:00,Brighton,Manchester City,0.2,4.4,0–5,2019-2020,380
35.0,Sun,2020-07-12,12:00,Wolves,Everton,2.6,0.3,3–0,2019-2020,381
35.0,Sun,2020-07-12,14:15,Aston Villa,Crystal Palace,1.7,1.2,2–0,2019-2020,382
35.0,Sun,2020-07-12,16:30,Tottenham,Arsenal,2.0,0.6,2–1,2019-2020,383
35.0,Sun,2020-07-12,19:00,Bournemouth,Leicester City,2.5,1.5,4–1,2019-2020,384
35.0,Mon,2020-07-13,20:00,Manchester Utd,Southampton,1.5,1.6,2–2,2019-2020,385
36.0,Tue,2020-07-14,20:15,Chelsea,Norwich City,2.5,0.1,1–0,2019-2020,387
36.0,Wed,2020-07-15,18:00,Burnley,Wolves,1.9,1.2,1–1,2019-2020,388
36.0,Wed,2020-07-15,18:00,Manchester City,Bournemouth,0.7,1.6,2–1,2019-2020,389
36.0,Wed,2020-07-15,18:00,Newcastle Utd,Tottenham,1.1,1.5,1–3,2019-2020,390
36.0,Wed,2020-07-15,20:15,Arsenal,Liverpool,0.8,2.1,2–1,2019-2020,391
36.0,Thu,2020-07-16,18:00,Everton,Aston Villa,0.9,1.3,1–1,2019-2020,392
36.0,Thu,2020-07-16,18:00,Leicester City,Sheffield Utd,2.6,0.7,2–0,2019-2020,393
36.0,Thu,2020-07-16,20:15,Crystal Palace,Manchester Utd,0.6,2.2,0–2,2019-2020,394
36.0,Thu,2020-07-16,20:15,Southampton,Brighton,2.5,0.7,1–1,2019-2020,395
36.0,Fri,2020-07-17,20:00,West Ham,Watford,0.9,1.5,3–1,2019-2020,396
37.0,Sat,2020-07-18,17:30,Norwich City,Burnley,0.3,1.8,0–2,2019-2020,398
37.0,Sun,2020-07-19,14:00,Bournemouth,Southampton,0.5,2.5,0–2,2019-2020,399
37.0,Sun,2020-07-19,16:00,Tottenham,Leicester City,0.8,1.7,3–0,2019-2020,400
37.0,Mon,2020-07-20,18:00,Brighton,Newcastle Utd,0.8,0.9,0–0,2019-2020,401
37.0,Mon,2020-07-20,18:00,Sheffield Utd,Everton,0.5,0.4,0–1,2019-2020,402
37.0,Mon,2020-07-20,20:15,Wolves,Crystal Palace,1.5,0.4,2–0,2019-2020,403
37.0,Tue,2020-07-21,18:00,Watford,Manchester City,0.1,3.3,0–4,2019-2020,404
37.0,Tue,2020-07-21,20:15,Aston Villa,Arsenal,0.6,0.6,1–0,2019-2020,405
37.0,Wed,2020-07-22,18:00,Manchester Utd,West Ham,0.6,1.5,1–1,2019-2020,406
37.0,Wed,2020-07-22,20:15,Liverpool,Chelsea,1.7,2.4,5–3,2019-2020,407
38.0,Sun,2020-07-26,16:00,Leicester City,Manchester Utd,0.8,1.3,0–2,2019-2020,409
38.0,Sun,2020-07-26,16:00,West Ham,Aston Villa,0.9,1.0,1–1,2019-2020,410
38.0,Sun,2020-07-26,16:00,Burnley,Brighton,1.7,1.2,1–2,2019-2020,411
38.0,Sun,2020-07-26,16:00,Arsenal,Watford,2.3,3.7,3–2,2019-2020,412
38.0,Sun,2020-07-26,16:00,Manchester City,Norwich City,3.2,1.0,5–0,2019-2020,413
38.0,Sun,2020-07-26,16:00,Southampton,Sheffield Utd,1.7,1.4,3–1,2019-2020,414
38.0,Sun,2020-07-26,16:00,Everton,Bournemouth,1.7,1.5,1–3,2019-2020,415
38.0,Sun,2020-07-26,16:00,Chelsea,Wolves,1.4,0.2,2–0,2019-2020,416
38.0,Sun,2020-07-26,16:00,Crystal Palace,Tottenham,0.8,0.3,1–1,2019-2020,417
38.0,Sun,2020-07-26,16:00,Newcastle Utd,Liverpool,0.1,0.6,1–3,2019-2020,418
